gene,id,start,end
N_gene,hCoV-19/SouthAfrica/KRISP-K008602/2021|EPI_ISL_1048558|2021-01-29,28217,29477
orf1ab,hCoV-19/SouthAfrica/KRISP-K008602/2021|EPI_ISL_1048558|2021-01-29,227,21508
orf1ab,hCoV-19/SouthAfrica/KRISP-K008602/2021|EPI_ISL_1048558|2021-01-29,227,21517
orf1ab,hCoV-19/SouthAfrica/KRISP-K008602/2021|EPI_ISL_1048558|2021-01-29,218,21508
S_gene,hCoV-19/SouthAfrica/KRISP-K008602/2021|EPI_ISL_1048558|2021-01-29,21515,25328
ORF3a,hCoV-19/SouthAfrica/KRISP-K008602/2021|EPI_ISL_1048558|2021-01-29,25336,26164
E_gene,hCoV-19/SouthAfrica/KRISP-K008602/2021|EPI_ISL_1048558|2021-01-29,26188,26416
M_gene,hCoV-19/SouthAfrica/KRISP-K008602/2021|EPI_ISL_1048558|2021-01-29,26466,27135
ORF6,hCoV-19/SouthAfrica/KRISP-K008602/2021|EPI_ISL_1048558|2021-01-29,27145,27331
ORF7a,hCoV-19/SouthAfrica/KRISP-K008602/2021|EPI_ISL_1048558|2021-01-29,27337,27703
ORF7b,hCoV-19/SouthAfrica/KRISP-K008602/2021|EPI_ISL_1048558|2021-01-29,27699,27831
ORF8,hCoV-19/SouthAfrica/KRISP-K008602/2021|EPI_ISL_1048558|2021-01-29,27837,28203
